issuer_cik,alerted
0000034956,2026-09-25
0000039368,2026-10-01
0000040417,2026-09-25
0000067215,2026-09-25
0000101538,2026-09-25
0000711404,2026-09-25
0000715446,2026-09-29
0000896493,2026-09-25
0000917251,2026-09-25
0000930236,2026-09-25
0001089063,2026-09-25
0001095435,2026-10-06
0001160330,2026-10-01
0001175151,2026-09-25
0001326380,2026-09-25
0001341766,2026-09-25
0001408534,2026-10-03
0001606163,2026-09-25
0001638290,2026-09-25
0001788257,2026-09-25
0001833141,2026-09-25
0001840572,2026-09-25
0001841761,2026-09-25
0001928446,2026-09-25
0002007919,2026-09-25
0002058758,2026-09-25
13d:0001104659-26-112411,2026-09-30
13d:0001104659-26-114121,2026-10-06
13d:0001104659-26-114124,2026-10-06
13d:0001104659-26-114128,2026-10-06
13d:0001104659-26-114131,2026-10-06
13d:0001104659-26-114133,2026-10-06
13d:0001539497-26-002605,2026-09-25
big:0001076378,2026-09-26
big:0001160330,2026-10-05
big:0001326380,2026-09-29
big:0001341439,2026-10-02
big:0001439124,2026-10-06
big:0001582313,2026-10-01
big:0001715497,2026-10-06
