alerted,kind,symbol,issuer_cik,company,detail,url
2026-09-25,13d,IEP,0000813762,ICAHN ENTERPRISES L.P.,Carl Icahn: SCHEDULE 13D/A,https://www.sec.gov/Archives/edgar/data/813762/000153949726002605/0001539497-26-002605-index.htm
2026-09-25,cluster,ADC,0000917251,AGREE REALTY CORP,,
2026-09-25,cluster,AVBC,0002058758,"Avidia Bancorp, Inc.",,
2026-09-25,cluster,BWMX,0001788257,"BETTERWARE DE MEXICO, S.A.P.I. DE C.V",,
2026-09-25,cluster,CELH,0001341766,"Celsius Holdings, Inc.",,
2026-09-25,cluster,COO,0000711404,"COOPER COMPANIES, INC.",,
2026-09-25,cluster,CTSO,0001175151,Cytosorbents Corp,,
2026-09-25,cluster,CYBN,0001833141,CYBIN INC.,,
2026-09-25,cluster,DKS,0001089063,"DICK'S SPORTING GOODS, INC.",,
2026-09-25,cluster,DY,0000067215,DYCOM INDUSTRIES INC,"3 insiders, $551,307",
2026-09-25,cluster,GAM,0000040417,GENERAL AMERICAN INVESTORS CO INC,,
2026-09-25,cluster,GME,0001326380,GameStop Corp.,,
2026-09-25,cluster,GPUS,0000896493,"Hyperscale Data, Inc.",,
2026-09-25,cluster,GRNT,0001928446,"Granite Ridge Resources, Inc.",,
2026-09-25,cluster,GROV,0001841761,"Grove Collaborative Holdings, Inc.",,
2026-09-25,cluster,INBX,0002007919,"Inhibrx Biosciences, Inc.",,
2026-09-25,cluster,LMB,0001606163,"Limbach Holdings, Inc.",,
2026-09-25,cluster,LUCK,0001840572,Lucky Strike Entertainment Corp,,
2026-09-25,cluster,MCFT,0001638290,"MasterCraft Boat Holdings, Inc.",,
2026-09-25,cluster,RWT,0000930236,REDWOOD TRUST INC,,
2026-09-25,cluster,TENX,0000034956,"TENAX THERAPEUTICS, INC.",,
2026-09-25,cluster,UAMY,0000101538,UNITED STATES ANTIMONY CORP,,
2026-09-26,big,CX,0001076378,CEMEX SAB DE CV,Zambrano Lozano Rogelio: $6.9M,
2026-09-29,big,GME,0001326380,GameStop Corp.,Cohen Ryan: $10.6M,
2026-09-29,cluster,ANIX,0000715446,Anixa Biosciences Inc,"3 insiders, $206,267",
2026-09-30,13d,IREN,0001878848,IREN Ltd,Ken Griffin: SCHEDULE 13G,https://www.sec.gov/Archives/edgar/data/1878848/000110465926112411/0001104659-26-112411-index.htm
2026-10-01,big,XENE,0001582313,Xenon Pharmaceuticals Inc.,MORTIMER IAN: $1.1M,
2026-10-01,cluster,BBD,0001160330,BANK BRADESCO,"22 insiders, $28.0M",
2026-10-01,cluster,FUL,0000039368,FULLER H B CO,"5 insiders, $497,069",
2026-10-02,big,ORCL,0001341439,ORACLE CORP,RUSCKOWSKI STEPHEN H: $3.5M,
2026-10-03,cluster,FGBI,0001408534,"First Guaranty Bancshares, Inc.","3 insiders, $995,821",
2026-10-05,big,BBD,0001160330,BANK BRADESCO,Alvarez Denise Aguiar: $5.8M,
2026-10-06,13d,ALOY,0001567900,REALLOYS INC.,Ken Griffin: SCHEDULE 13G,https://www.sec.gov/Archives/edgar/data/1567900/000110465926114124/0001104659-26-114124-index.htm
2026-10-06,13d,AMPG,0001518461,"AmpliTech Group, Inc.",Ken Griffin: SCHEDULE 13G,https://www.sec.gov/Archives/edgar/data/1518461/000110465926114133/0001104659-26-114133-index.htm
2026-10-06,13d,FJET,0001947016,"Starfighters Space, Inc.",Ken Griffin: SCHEDULE 13G,https://www.sec.gov/Archives/edgar/data/1947016/000110465926114128/0001104659-26-114128-index.htm
2026-10-06,13d,QNT,0002110105,Quantinuum Inc.,Ken Griffin: SCHEDULE 13G,https://www.sec.gov/Archives/edgar/data/2110105/000110465926114121/0001104659-26-114121-index.htm
2026-10-06,13d,WAVE,0001846715,Eco Wave Power Global AB (publ),Ken Griffin: SCHEDULE 13G,https://www.sec.gov/Archives/edgar/data/1846715/000110465926114131/0001104659-26-114131-index.htm
2026-10-06,big,AXIA3,0001439124,AXIA Energia S.A.,Batista de Lima Filho Pedro: $5.3M,
2026-10-06,big,BORR,0001715497,Borr Drilling Ltd,Troim Tor Olav: $6.2M,
2026-10-06,cluster,ALP,0001095435,Alpha Compute Corp,"3 insiders, $273,329",
2026-10-07,cluster,BPRE,0001551047,Bluerock Private Real Estate Fund,"3 insiders, $9.0M",
2026-10-08,13d,LEN,0000920760,LENNAR CORP /NEW/,Warren Buffett: SCHEDULE 13G/A,https://www.sec.gov/Archives/edgar/data/920760/000119312526417254/0001193125-26-417254-index.htm
2026-10-08,13d,TXG,0001770787,"10x Genomics, Inc.",Cathie Wood: SCHEDULE 13G/A,https://www.sec.gov/Archives/edgar/data/1770787/000110465926114392/0001104659-26-114392-index.htm
2026-10-08,big,COE,0001659494,51Talk Online Education Group,Huang Jack Jiajia: $32.3M,
