date,symbol,asset_class,price,score,label,coverage,trend,momentum,smart_money,insider,news,version
2026-09-24,AAPL,stock,335.92,48.3,Strong bullish,1.0,100.0,72.0,15.0,0.0,15.4,2
2026-09-24,AMZN,stock,249.38,41.9,Strong bullish,1.0,50.0,49.4,75.0,0.0,13.3,2
2026-09-24,BRK-B,stock,505.18,41.2,Strong bullish,1.0,50.0,14.5,80.9,50.0,9.2,2
2026-09-24,BTC-USD,crypto,84321.23,29.6,Bullish,0.65,100.0,-30.6,,,12.5,2
2026-09-24,ETH-USD,crypto,2684.63,31.1,Bullish,0.65,100.0,-36.7,,,29.2,2
2026-09-24,GOOGL,stock,342.36,46.1,Strong bullish,1.0,50.0,83.7,85.4,-30.0,0.8,2
2026-09-24,JPM,stock,338.56,24.5,Bullish,1.0,50.0,62.0,-33.3,0.0,20.8,2
2026-09-24,META,stock,777.59,-5.5,Neutral,1.0,50.0,-73.0,6.4,-30.0,23.3,2
2026-09-24,MSFT,stock,497.93,25.0,Bullish,1.0,100.0,-8.2,-8.6,0.0,25.4,2
2026-09-24,NVDA,stock,224.58,34.6,Bullish,1.0,100.0,47.8,-2.1,-30.0,17.1,2
2026-09-24,QQQ,stock,741.1,50.0,Strong bullish,0.85,100.0,74.8,0.0,,-8.3,2
2026-09-24,SOL-USD,crypto,116.63,31.5,Bullish,0.65,100.0,-39.1,,,35.0,2
2026-09-24,SPY,stock,767.18,47.7,Strong bullish,1.0,100.0,85.4,0.0,0.0,8.8,2
2026-09-24,TSLA,stock,377.94,-25.9,Bearish,1.0,-50.0,-36.4,-5.0,-30.0,7.9,2
2026-09-24,XOM,stock,162.14,58.8,Strong bullish,1.0,100.0,96.0,33.3,0.0,21.2,2
2026-09-26,AAPL,stock,341.07,51.2,Strong bullish,1.0,100.0,76.5,15.0,0.0,27.5,2
2026-09-26,AMZN,stock,249.67,41.7,Strong bullish,1.0,50.0,49.2,75.0,0.0,12.5,2
2026-09-26,BRK-B,stock,505.48,41.5,Strong bullish,1.0,50.0,10.7,80.9,50.0,17.5,2
2026-09-26,BTC-USD,crypto,84052.81,30.2,Bullish,0.65,100.0,-32.7,,,18.8,2
2026-09-26,ETH-USD,crypto,2690.01,29.3,Bullish,0.65,100.0,-37.5,,,22.9,2
2026-09-26,GOOGL,stock,343.92,49.2,Strong bullish,1.0,50.0,84.3,85.4,-30.0,20.4,2
2026-09-26,JPM,stock,343.06,23.2,Bullish,1.0,50.0,61.1,-33.3,0.0,14.2,2
2026-09-26,META,stock,751.66,2.7,Neutral,1.0,50.0,-52.4,6.4,-30.0,43.3,2
2026-09-26,MSFT,stock,516.17,25.2,Bullish,1.0,100.0,-5.9,-8.6,0.0,22.9,2
2026-09-26,NVDA,stock,225.07,35.2,Bullish,1.0,100.0,45.9,-2.1,-30.0,24.2,2
2026-09-26,QQQ,stock,744.5,52.9,Strong bullish,0.85,100.0,76.0,0.0,,6.2,2
2026-09-26,SOL-USD,crypto,122.02,31.0,Bullish,0.65,100.0,-40.5,,,35.0,2
2026-09-26,SPY,stock,771.35,48.2,Strong bullish,1.0,100.0,86.2,0.0,0.0,11.2,2
2026-09-26,TSLA,stock,372.11,-29.0,Bearish,1.0,-50.0,-44.0,-5.0,-30.0,0.0,2
2026-09-26,XOM,stock,160.59,57.8,Strong bullish,1.0,100.0,92.4,33.3,0.0,20.0,2
2026-09-29,AAPL,stock,338.4,51.7,Strong bullish,1.0,100.0,73.4,15.0,0.0,35.8,2
2026-09-29,AMZN,stock,246.15,40.8,Strong bullish,1.0,50.0,47.6,75.0,0.0,9.2,2
2026-09-29,BRK-B,stock,503.09,39.9,Bullish,1.0,50.0,12.0,80.9,50.0,5.0,2
2026-09-29,BTC-USD,crypto,83022.68,33.5,Bullish,0.65,100.0,-23.3,,,17.5,2
2026-09-29,ETH-USD,crypto,2668.95,34.7,Bullish,0.65,100.0,-24.0,,,23.8,2
2026-09-29,GOOGL,stock,342.75,45.7,Strong bullish,1.0,50.0,84.5,85.4,-30.0,-3.3,2
2026-09-29,JPM,stock,336.59,23.0,Bullish,1.0,50.0,58.8,-33.3,0.0,16.7,2
2026-09-29,META,stock,715.62,-3.4,Neutral,1.0,50.0,-51.2,6.4,-30.0,0.8,2
2026-09-29,MSFT,stock,509.22,24.4,Bullish,1.0,100.0,1.3,-8.6,0.0,5.0,2
2026-09-29,NVDA,stock,228.86,42.5,Strong bullish,1.0,100.0,64.0,-2.1,-30.0,42.5,2
2026-09-29,QQQ,stock,736.53,50.7,Strong bullish,0.85,100.0,80.2,0.0,,-12.9,2
2026-09-29,SOL-USD,crypto,117.61,37.6,Bullish,0.65,100.0,-26.6,,,40.8,2
2026-09-29,SPY,stock,765.61,47.3,Strong bullish,1.0,100.0,88.6,0.0,0.0,0.8,2
2026-09-29,TSLA,stock,357.45,-27.4,Bearish,1.0,-50.0,-33.6,-5.0,-30.0,-6.7,2
2026-09-29,XOM,stock,162.52,58.8,Strong bullish,1.0,100.0,90.6,33.3,0.0,29.6,2
2026-09-30,AAPL,stock,329.4,45.8,Strong bullish,1.0,100.0,77.8,15.0,0.0,-11.2,2
2026-09-30,AMZN,stock,246.67,43.1,Strong bullish,1.0,50.0,55.7,75.0,0.0,10.8,2
2026-09-30,BRK-B,stock,502.35,37.9,Bullish,1.0,50.0,6.8,80.9,50.0,-0.0,2
2026-09-30,BTC-USD,crypto,83433.01,30.3,Bullish,0.65,100.0,-25.8,,,7.5,2
2026-09-30,ETH-USD,crypto,2669.16,35.8,Bullish,0.65,100.0,-26.8,,,32.9,2
2026-09-30,GOOGL,stock,340.92,46.3,Strong bullish,1.0,50.0,86.2,85.4,-30.0,-2.5,2
2026-09-30,JPM,stock,334.98,25.4,Bullish,1.0,50.0,59.2,-33.3,0.0,31.7,2
2026-09-30,META,stock,738.79,-2.7,Neutral,1.0,50.0,-48.5,6.4,-30.0,0.8,2
2026-09-30,MSFT,stock,508.96,27.2,Bullish,1.0,100.0,3.8,-8.6,0.0,20.0,2
2026-09-30,NVDA,stock,227.21,40.3,Strong bullish,1.0,100.0,53.1,-2.1,-30.0,46.2,2
2026-09-30,QQQ,stock,737.93,51.7,Strong bullish,0.85,100.0,77.7,0.0,,-3.3,2
2026-09-30,SOL-USD,crypto,118.73,33.6,Bullish,0.65,100.0,-32.1,,,32.5,2
2026-09-30,SPY,stock,764.2,51.2,Strong bullish,1.0,100.0,86.9,0.0,0.0,29.8,2
2026-09-30,TSLA,stock,352.84,-29.2,Bearish,1.0,-50.0,-42.2,-5.0,-30.0,-4.2,2
2026-09-30,XOM,stock,161.35,57.0,Strong bullish,1.0,100.0,89.4,33.3,0.0,20.0,2
