filed,accession,form,subject_cik,subject_name,filer_cik,filer_name,tracked,url
2026-09-25,0000904853-26-000006,SCHEDULE 13D,0000930236,REDWOOD TRUST INC,0000904853,Amster Howard,,https://www.sec.gov/Archives/edgar/data/930236/000090485326000006/0000904853-26-000006-index.htm
2026-09-25,0001140361-26-037699,SCHEDULE 13D,0000037785,FMC CORP,0002150441,Tessenderlo Group NV,,https://www.sec.gov/Archives/edgar/data/37785/000114036126037699/0001140361-26-037699-index.htm
2026-09-25,0001539497-26-002605,SCHEDULE 13D/A,0000813762,ICAHN ENTERPRISES L.P.,0000921669,ICAHN CARL C,Carl Icahn,https://www.sec.gov/Archives/edgar/data/813762/000153949726002605/0001539497-26-002605-index.htm
2026-09-29,0000905148-26-004287,SCHEDULE 13D,0001800227,People Inc,0001799787,HighSage Ventures LLC,,https://www.sec.gov/Archives/edgar/data/1800227/000090514826004287/0000905148-26-004287-index.htm
2026-09-29,0000921895-26-002662,SCHEDULE 13D,0001974044,MoneyHero Ltd,0001266155,HONIG JONATHAN,,https://www.sec.gov/Archives/edgar/data/1974044/000092189526002662/0000921895-26-002662-index.htm
2026-09-29,0000921895-26-002666,SCHEDULE 13D,0001717547,"BrightSpire Capital, Inc.",0002122039,"CWRE SSF Securities Holding, LP",,https://www.sec.gov/Archives/edgar/data/1717547/000092189526002666/0000921895-26-002666-index.htm
2026-09-29,0001213900-26-104723,SCHEDULE 13D,0002051587,BEST SPAC I Acquisition Corp.,0001845870,Tsang Claudius,,https://www.sec.gov/Archives/edgar/data/2051587/000121390026104723/0001213900-26-104723-index.htm
2026-09-29,0001213900-26-104805,SCHEDULE 13D,0002133719,NorthStrive Acquisition Corp I.,0001840563,PMGC Holdings Inc.,,https://www.sec.gov/Archives/edgar/data/2133719/000121390026104805/0001213900-26-104805-index.htm
2026-09-30,0001013594-26-000998,SCHEDULE 13D,0001549966,Silvercrest Asset Management Group Inc.,0000938552,Equinox Partners Investment Management LLC,,https://www.sec.gov/Archives/edgar/data/1549966/000101359426000998/0001013594-26-000998-index.htm
2026-09-30,0001062993-26-005116,SCHEDULE 13D,0000836412,Virtus Total Return Fund Inc.,0001510281,"Saba Capital Management, L.P.",,https://www.sec.gov/Archives/edgar/data/836412/000106299326005116/0001062993-26-005116-index.htm
2026-09-30,0001104659-26-112411,SCHEDULE 13G,0001878848,IREN Ltd,0001721695,Citadel Securities GP LLC,Ken Griffin,https://www.sec.gov/Archives/edgar/data/1878848/000110465926112411/0001104659-26-112411-index.htm
2026-09-30,0001185185-26-004439,SCHEDULE 13D,0001993097,3 E Network Technology Group Ltd,0002156957,3E NETWORK TECHNOLOGY PTE.LTD,,https://www.sec.gov/Archives/edgar/data/1993097/000118518526004439/0001185185-26-004439-index.htm
2026-09-30,0001193125-26-409121,SCHEDULE 13D,0000064996,MERCURY GENERAL CORP,0001895975,Joseph Vicky Wai Yee,,https://www.sec.gov/Archives/edgar/data/64996/000119312526409121/0001193125-26-409121-index.htm
